source_row,InvoiceNo,StockCode,Description,InvoiceDate,Quantity,UnitPrice,transaction_category,signed_value_gbp,absolute_line_value_gbp
540423,581483,23843,"PAPER CRAFT , LITTLE BIRDIE",2011-12-09 09:15:00,80995,2.08,positive_sale,168469.60,168469.60
540424,C581484,23843,"PAPER CRAFT , LITTLE BIRDIE",2011-12-09 09:27:00,-80995,2.08,cancellation,-168469.60,168469.60
61621,541431,23166,MEDIUM CERAMIC TOP STORAGE JAR,2011-01-18 10:01:00,74215,1.04,positive_sale,77183.60,77183.60
61626,C541433,23166,MEDIUM CERAMIC TOP STORAGE JAR,2011-01-18 10:17:00,-74215,1.04,cancellation,-77183.60,77183.60
222682,556444,22502,PICNIC BASKET WICKER 60 PIECES,2011-06-10 15:28:00,60,649.5,positive_sale,38970.00,38970.00
348327,567423,23243,SET OF TEA COFFEE SUGAR TINS PANTRY,2011-09-20 11:05:00,1412,5.06,positive_sale,7144.72,7144.72
52713,540815,21108,FAIRY CAKE FLANNEL ASSORTED COLOUR,2011-01-11 12:55:00,3114,2.1,positive_sale,6539.40,6539.40
160147,C550456,21108,FAIRY CAKE FLANNEL ASSORTED COLOUR,2011-04-18 13:08:00,-3114,2.1,cancellation,-6539.40,6539.40
160548,550461,21108,FAIRY CAKE FLANNEL ASSORTED COLOUR,2011-04-18 13:20:00,3114,2.1,positive_sale,6539.40,6539.40
421603,573003,23084,RABBIT NIGHT LIGHT,2011-10-27 12:11:00,2400,2.08,positive_sale,4992.00,4992.00
