record_type,step,input_rows,removed_rows,remaining_rows,input_signed_value_positive_price_gbp,input_signed_value_nonpositive_price_gbp,input_uncomputable_value_count,removed_signed_value_positive_price_gbp,removed_signed_value_nonpositive_price_gbp,removed_uncomputable_value_count,remaining_signed_value_positive_price_gbp,remaining_signed_value_nonpositive_price_gbp,remaining_uncomputable_value_count,observed_count
removal_step,exact_duplicates,541909.0,5268.0,536641.0,9769872.054,-22124.12,0.0,21740.98,0.0,0.0,9748131.074000001,-22124.12,0.0,
removal_step,excluded_codes,536641.0,3022.0,533619.0,9748131.074000001,-22124.12,0.0,-21918.759,-22124.12,0.0,9770049.833,0.0,0.0,
removal_step,invalid_required_fields,533619.0,0.0,533619.0,9770049.833,0.0,0.0,0.0,0.0,0.0,9770049.833,0.0,0.0,
removal_step,negative_prices,533619.0,0.0,533619.0,9770049.833,0.0,0.0,0.0,0.0,0.0,9770049.833,0.0,0.0,
removal_step,zero_prices,533619.0,2492.0,531127.0,9770049.833,0.0,0.0,0.0,0.0,0.0,9770049.833,0.0,0.0,
removal_step,zero_quantities,531127.0,0.0,531127.0,9770049.833,0.0,0.0,0.0,0.0,0.0,9770049.833,0.0,0.0,
removal_step,inconsistent_c_positive_quantity,531127.0,0.0,531127.0,9770049.833,0.0,0.0,0.0,0.0,0.0,9770049.833,0.0,0.0,
eligible_total,eligible_merchandise,,,531127.0,,,,,,,9770049.833,0.0,0.0,
informational_raw,rows,,,,,,,,,,,,,541909.0
informational_raw,columns,,,,,,,,,,,,,8.0
informational_raw,exact_duplicates_beyond_first,,,,,,,,,,,,,5268.0
informational_raw,c_prefixed_invoice_rows,,,,,,,,,,,,,9288.0
informational_raw,negative_quantity_rows,,,,,,,,,,,,,10624.0
informational_raw,negative_quantity_without_c_prefix,,,,,,,,,,,,,1336.0
informational_raw,c_prefixed_nonnegative_quantity_rows,,,,,,,,,,,,,0.0
informational_raw,zero_price_rows,,,,,,,,,,,,,2515.0
informational_raw,negative_price_rows,,,,,,,,,,,,,2.0
informational_raw,zero_quantity_rows,,,,,,,,,,,,,0.0
informational_raw,invalid_or_nonfinite_quantity_rows,,,,,,,,,,,,,0.0
informational_raw,invalid_or_nonfinite_price_rows,,,,,,,,,,,,,0.0
informational_raw,nonintegral_quantity_rows,,,,,,,,,,,,,0.0
informational_raw,invalid_or_missing_date_rows,,,,,,,,,,,,,0.0
informational_raw,missing_InvoiceNo,,,,,,,,,,,,,0.0
informational_raw,missing_StockCode,,,,,,,,,,,,,0.0
informational_raw,missing_Description,,,,,,,,,,,,,1454.0
informational_raw,missing_Quantity,,,,,,,,,,,,,0.0
informational_raw,missing_InvoiceDate,,,,,,,,,,,,,0.0
informational_raw,missing_UnitPrice,,,,,,,,,,,,,0.0
informational_raw,missing_CustomerID,,,,,,,,,,,,,135080.0
informational_raw,missing_Country,,,,,,,,,,,,,0.0
