Country,positive_sales_gbp,cancellation_value_gbp,other_negative_value_gbp,net_value_gbp,cancellation_value_rate_pct,sales_share_pct
United Kingdom,8723160.34,443038.31,0.00,8280122.03,5.08,85.14
Netherlands,283889.34,409.80,0.00,283479.54,0.14,2.77
EIRE,270850.86,11470.84,0.00,259380.02,4.24,2.64
Germany,205381.15,4761.49,0.00,200619.66,2.32,2.00
France,184493.00,2416.40,0.00,182076.60,1.31,1.80
Australia,138103.81,1181.31,0.00,136922.50,0.86,1.35
Spain,55706.56,3959.91,0.00,51746.65,7.11,0.54
Switzerland,53065.60,582.55,0.00,52483.05,1.10,0.52
Japan,37416.37,1996.58,0.00,35419.79,5.34,0.37
Belgium,36927.34,264.38,0.00,36662.96,0.72,0.36
Sweden,36828.83,1662.42,0.00,35166.41,4.51,0.36
Norway,32454.64,161.68,0.00,32292.96,0.50,0.32
Portugal,26951.11,143.64,0.00,26807.47,0.53,0.26
Channel Islands,19997.54,71.15,0.00,19926.39,0.36,0.20
Finland,18344.88,41.34,0.00,18303.54,0.23,0.18
Denmark,18211.34,169.20,0.00,18042.14,0.93,0.18
Italy,15820.24,543.90,0.00,15276.34,3.44,0.15
Cyprus,13167.16,323.40,0.00,12843.76,2.46,0.13
Hong Kong,9744.19,10.95,0.00,9733.24,0.11,0.10
Singapore,9120.39,0.00,0.00,9120.39,0.00,0.09
Austria,8742.68,44.36,0.00,8698.32,0.51,0.09
Israel,8129.41,227.44,0.00,7901.97,2.80,0.08
Poland,6974.65,121.51,0.00,6853.14,1.74,0.07
Unspecified,4740.94,0.00,0.00,4740.94,0.00,0.05
Greece,4425.52,0.00,0.00,4425.52,0.00,0.04
Iceland,4310.00,0.00,0.00,4310.00,0.00,0.04
USA,3580.39,1849.47,0.00,1730.92,51.66,0.03
Canada,3115.44,0.00,0.00,3115.44,0.00,0.03
Malta,2070.59,90.12,0.00,1980.47,4.35,0.02
United Arab Emirates,1864.78,0.00,0.00,1864.78,0.00,0.02
Lebanon,1693.88,0.00,0.00,1693.88,0.00,0.02
Lithuania,1661.06,0.00,0.00,1661.06,0.00,0.02
European Community,1159.25,8.50,0.00,1150.75,0.73,0.01
Brazil,1143.60,0.00,0.00,1143.60,0.00,0.01
RSA,1002.31,0.00,0.00,1002.31,0.00,0.01
Czech Republic,786.74,115.02,0.00,671.72,14.62,0.01
Bahrain,754.14,205.74,0.00,548.40,27.28,0.01
Saudi Arabia,145.92,14.75,0.00,131.17,10.11,0.00
